INSERT INTO categories (category_id, category_name) VALUES (1, 'Овощи');
INSERT INTO categories (category_id, category_name) VALUES (2, 'Фрукты');
INSERT INTO categories (category_id, category_name) VALUES (3, 'Напитки');
INSERT INTO categories (category_id, category_name) VALUES (4, 'Бакалея');
INSERT INTO categories (category_id, category_name) VALUES (5, 'Консервы');
INSERT INTO categories (category_id, category_name) VALUES (6, 'Посуда');

INSERT INTO products (product_id, product_name) VALUES (1, 'Помидор');
INSERT INTO products (product_id, product_name) VALUES (2, 'Огурец');
INSERT INTO products (product_id, product_name) VALUES (3, 'Банан');
INSERT INTO products (product_id, product_name) VALUES (4, 'Яблоко');
INSERT INTO products (product_id, product_name) VALUES (5, 'Груша');
INSERT INTO products (product_id, product_name) VALUES (6, 'Апельсин');
INSERT INTO products (product_id, product_name) VALUES (7, 'Мандарин');
INSERT INTO products (product_id, product_name) VALUES (8, 'Булка');
INSERT INTO products (product_id, product_name) VALUES (9, 'Хлеб');
INSERT INTO products (product_id, product_name) VALUES (10, 'Батон');
INSERT INTO products (product_id, product_name) VALUES (11, 'Пирожок');
INSERT INTO products (product_id, product_name) VALUES (12, 'Огурец малосольный');
INSERT INTO products (product_id, product_name) VALUES (13, 'Консервированный томат');
INSERT INTO products (product_id, product_name) VALUES (14, 'Огурцы маринованные');
INSERT INTO products (product_id, product_name) VALUES (15, 'Лимонад');
INSERT INTO products (product_id, product_name) VALUES (16, 'Вода');
INSERT INTO products (product_id, product_name) VALUES (17, 'Вода газированная');
INSERT INTO products (product_id, product_name) VALUES (18, 'Вода без газа');
INSERT INTO products (product_id, product_name) VALUES (19, 'Сок');
INSERT INTO products (product_id, product_name) VALUES (20, 'Холодильник');
INSERT INTO products (product_id, product_name) VALUES (21, 'Телевизор');


INSERT INTO union_table (product_id, category_id) VALUES (1, 1);
INSERT INTO union_table (product_id, category_id) VALUES (2, 1);
INSERT INTO union_table (product_id, category_id) VALUES (3, 2);
INSERT INTO union_table (product_id, category_id) VALUES (4, 2);
INSERT INTO union_table (product_id, category_id) VALUES (5, 2);
INSERT INTO union_table (product_id, category_id) VALUES (6, 2);
INSERT INTO union_table (product_id, category_id) VALUES (7, 2);
INSERT INTO union_table (product_id, category_id) VALUES (8, 4);
INSERT INTO union_table (product_id, category_id) VALUES (9, 4);
INSERT INTO union_table (product_id, category_id) VALUES (10, 4);
INSERT INTO union_table (product_id, category_id) VALUES (11, 4);
INSERT INTO union_table (product_id, category_id) VALUES (12, 5);
INSERT INTO union_table (product_id, category_id) VALUES (13, 5);
INSERT INTO union_table (product_id, category_id) VALUES (14, 5);
INSERT INTO union_table (product_id, category_id) VALUES (15, 3);
INSERT INTO union_table (product_id, category_id) VALUES (16, 3);
INSERT INTO union_table (product_id, category_id) VALUES (17, 3);
INSERT INTO union_table (product_id, category_id) VALUES (18, 3);
INSERT INTO union_table (product_id, category_id) VALUES (19, 3);
INSERT INTO union_table (product_id, category_id) VALUES (12, 1);
INSERT INTO union_table (product_id, category_id) VALUES (13, 1);
INSERT INTO union_table (product_id, category_id) VALUES (14, 1);
